{"data_time": 0.09802921100001072, "eta_seconds": 188.1006899799945, "fast_rcnn/cls_accuracy": 0.49609375, "fast_rcnn/false_negative": 0.875, "fast_rcnn/fg_cls_accuracy": 0.125, "iteration": 19, "loss_box_reg": 0.48374196887016296, "loss_cls": 0.6955893039703369, "loss_mask": 0.6919495761394501, "loss_rpn_cls": 1.9602274298667908, "loss_rpn_loc": 0.18584632873535156, "lr": 1.60675e-05, "mask_rcnn/accuracy": 0.6533601721938775, "mask_rcnn/false_negative": 0.004808848280836739, "mask_rcnn/false_positive": 0.9998225272124941, "roi_head/num_bg_samples": 96.0, "roi_head/num_fg_samples": 32.0, "rpn/num_neg_anchors": 128.0, "rpn/num_pos_anchors": 128.0, "time": 0.6717881784999804, "total_loss": 4.132948562502861}
{"data_time": 0.007056045499979291, "eta_seconds": 170.9225144900057, "fast_rcnn/cls_accuracy": 0.70703125, "fast_rcnn/false_negative": 0.96875, "fast_rcnn/fg_cls_accuracy": 0.03125, "iteration": 39, "loss_box_reg": 0.5980984568595886, "loss_cls": 0.6318768262863159, "loss_mask": 0.6541609764099121, "loss_rpn_cls": 0.13191092759370804, "loss_rpn_loc": 0.163204625248909, "lr": 3.2717500000000007e-05, "mask_rcnn/accuracy": 0.6741868622448979, "mask_rcnn/false_negative": 0.0, "mask_rcnn/false_positive": 1.0, "roi_head/num_bg_samples": 96.0, "roi_head/num_fg_samples": 32.0, "rpn/num_neg_anchors": 128.0, "rpn/num_pos_anchors": 128.0, "time": 0.6238277569999866, "total_loss": 2.2154633328318596}
{"data_time": 0.0033336655000084647, "eta_seconds": 158.00189459999729, "fast_rcnn/cls_accuracy": 0.75, "fast_rcnn/false_negative": 1.0, "fast_rcnn/fg_cls_accuracy": 0.0, "iteration": 59, "loss_box_reg": 0.6321380436420441, "loss_cls": 0.5345238447189331, "loss_mask": 0.5780958235263824, "loss_rpn_cls": 0.13744081556797028, "loss_rpn_loc": 0.1518772691488266, "lr": 4.93675e-05, "mask_rcnn/accuracy": 0.7587492028061225, "mask_rcnn/false_negative": 0.003894871509682217, "mask_rcnn/false_positive": 0.7534897296725643, "roi_head/num_bg_samples": 96.0, "roi_head/num_fg_samples": 32.0, "rpn/num_neg_anchors": 128.0, "rpn/num_pos_anchors": 128.0, "time": 0.6627590864999888, "total_loss": 2.0004232451319695}
{"data_time": 0.00341578649999974, "eta_seconds": 141.05453790999547, "fast_rcnn/cls_accuracy": 0.75, "fast_rcnn/false_negative": 1.0, "fast_rcnn/fg_cls_accuracy": 0.0, "iteration": 79, "loss_box_reg": 0.617627888917923, "loss_cls": 0.4892164468765259, "loss_mask": 0.48963692784309387, "loss_rpn_cls": 0.10419468581676483, "loss_rpn_loc": 0.14610081166028976, "lr": 6.60175e-05, "mask_rcnn/accuracy": 0.7891023596938775, "mask_rcnn/false_negative": 0.008406072833178575, "mask_rcnn/false_positive": 0.6278508851967682, "roi_head/num_bg_samples": 96.0, "roi_head/num_fg_samples": 32.0, "rpn/num_neg_anchors": 128.0, "rpn/num_pos_anchors": 128.0, "time": 0.545931994, "total_loss": 1.868920974433422}
{"data_time": 0.003816311999997879, "eta_seconds": 124.43358749999902, "fast_rcnn/cls_accuracy": 0.7578125, "fast_rcnn/false_negative": 0.96875, "fast_rcnn/fg_cls_accuracy": 0.03125, "iteration": 99, "loss_box_reg": 0.6146524846553802, "loss_cls": 0.447345495223999, "loss_mask": 0.44650086760520935, "loss_rpn_cls": 0.10609710589051247, "loss_rpn_loc": 0.14861366152763367, "lr": 8.266750000000001e-05, "mask_rcnn/accuracy": 0.8052256058673469, "mask_rcnn/false_negative": 0.017007318018093107, "mask_rcnn/false_positive": 0.5418529153743055, "roi_head/num_bg_samples": 96.0, "roi_head/num_fg_samples": 32.0, "rpn/num_neg_anchors": 128.0, "rpn/num_pos_anchors": 128.0, "time": 0.5826993059999666, "total_loss": 1.7691198475658894}
{"data_time": 0.004621423000031655, "eta_seconds": 114.3389016000043, "fast_rcnn/cls_accuracy": 0.83203125, "fast_rcnn/false_negative": 0.671875, "fast_rcnn/fg_cls_accuracy": 0.328125, "iteration": 119, "loss_box_reg": 0.6115276515483856, "loss_cls": 0.3889264017343521, "loss_mask": 0.39328593015670776, "loss_rpn_cls": 0.0677824579179287, "loss_rpn_loc": 0.14032810926437378, "lr": 9.93175e-05, "mask_rcnn/accuracy": 0.8325294961734694, "mask_rcnn/false_negative": 0.023643850517771903, "mask_rcnn/false_positive": 0.4468705573219385, "roi_head/num_bg_samples": 96.0, "roi_head/num_fg_samples": 32.0, "rpn/num_neg_anchors": 128.0, "rpn/num_pos_anchors": 128.0, "time": 0.6487171939999996, "total_loss": 1.5899904556572437}
{"data_time": 0.007110735000026125, "eta_seconds": 102.01098120000097, "fast_rcnn/cls_accuracy": 0.87109375, "fast_rcnn/false_negative": 0.40625, "fast_rcnn/fg_cls_accuracy": 0.59375, "iteration": 139, "loss_box_reg": 0.589084804058075, "loss_cls": 0.33947382867336273, "loss_mask": 0.3602086752653122, "loss_rpn_cls": 0.06654513254761696, "loss_rpn_loc": 0.13842424005270004, "lr": 0.0001159675, "mask_rcnn/accuracy": 0.8482940051020409, "mask_rcnn/false_negative": 0.034867581676011165, "mask_rcnn/false_positive": 0.3875319796075706, "roi_head/num_bg_samples": 96.0, "roi_head/num_fg_samples": 32.0, "rpn/num_neg_anchors": 128.0, "rpn/num_pos_anchors": 128.0, "time": 0.648335217500005, "total_loss": 1.5021613389253616}
{"data_time": 0.003502066000010018, "eta_seconds": 89.34953047999898, "fast_rcnn/cls_accuracy": 0.875, "fast_rcnn/false_negative": 0.375, "fast_rcnn/fg_cls_accuracy": 0.625, "iteration": 159, "loss_box_reg": 0.6054497361183167, "loss_cls": 0.31543774902820587, "loss_mask": 0.32403966784477234, "loss_rpn_cls": 0.0791270062327385, "loss_rpn_loc": 0.16071084886789322, "lr": 0.0001326175, "mask_rcnn/accuracy": 0.8646165497448979, "mask_rcnn/false_negative": 0.05875216815259274, "mask_rcnn/false_positive": 0.2867815136329046, "roi_head/num_bg_samples": 96.0, "roi_head/num_fg_samples": 32.0, "rpn/num_neg_anchors": 128.0, "rpn/num_pos_anchors": 128.0, "time": 0.6454486754999778, "total_loss": 1.5051726028323174}
{"data_time": 0.0036610045000031732, "eta_seconds": 76.45797690000109, "fast_rcnn/cls_accuracy": 0.8671875, "fast_rcnn/false_negative": 0.3125, "fast_rcnn/fg_cls_accuracy": 0.6875, "iteration": 179, "loss_box_reg": 0.5617403090000153, "loss_cls": 0.31139276921749115, "loss_mask": 0.30647657811641693, "loss_rpn_cls": 0.06718781590461731, "loss_rpn_loc": 0.14476636052131653, "lr": 0.0001492675, "mask_rcnn/accuracy": 0.870555644132653, "mask_rcnn/false_negative": 0.07109507117252684, "mask_rcnn/false_positive": 0.2291048078228447, "roi_head/num_bg_samples": 96.0, "roi_head/num_fg_samples": 32.0, "rpn/num_neg_anchors": 128.0, "rpn/num_pos_anchors": 128.0, "time": 0.6343115304999856, "total_loss": 1.396404206752777}
{"data_time": 0.0035321800000076564, "eta_seconds": 63.41774070000099, "fast_rcnn/cls_accuracy": 0.90234375, "fast_rcnn/false_negative": 0.21875, "fast_rcnn/fg_cls_accuracy": 0.78125, "iteration": 199, "loss_box_reg": 0.499186247587204, "loss_cls": 0.24653448909521103, "loss_mask": 0.27313296496868134, "loss_rpn_cls": 0.06393834948539734, "loss_rpn_loc": 0.13974937051534653, "lr": 0.0001659175, "mask_rcnn/accuracy": 0.8829719387755102, "mask_rcnn/false_negative": 0.06601468039413858, "mask_rcnn/false_positive": 0.20573737025249655, "roi_head/num_bg_samples": 96.0, "roi_head/num_fg_samples": 32.0, "rpn/num_neg_anchors": 128.0, "rpn/num_pos_anchors": 128.0, "time": 0.6225067240000044, "total_loss": 1.1844068206846714}
{"data_time": 0.003975160999999616, "eta_seconds": 50.47107763999975, "fast_rcnn/cls_accuracy": 0.890625, "fast_rcnn/false_negative": 0.21875, "fast_rcnn/fg_cls_accuracy": 0.78125, "iteration": 219, "loss_box_reg": 0.5028591752052307, "loss_cls": 0.2677604556083679, "loss_mask": 0.27296698093414307, "loss_rpn_cls": 0.07586678490042686, "loss_rpn_loc": 0.13962356746196747, "lr": 0.0001825675, "mask_rcnn/accuracy": 0.8807796556122449, "mask_rcnn/false_negative": 0.0842444796113339, "mask_rcnn/false_positive": 0.1967979973064645, "roi_head/num_bg_samples": 96.0, "roi_head/num_fg_samples": 32.0, "rpn/num_neg_anchors": 128.0, "rpn/num_pos_anchors": 128.0, "time": 0.6038778484999909, "total_loss": 1.245379477739334}
{"data_time": 0.0034545679999951062, "eta_seconds": 37.99911998999846, "fast_rcnn/cls_accuracy": 0.89453125,